User Input,Chatbot Response,Timestamp
hello,Hi there,2024-09-10 01:21:51
how are you ,My purpose is to assist you,2024-09-10 01:21:57
weather ,"I'm sorry, I cannot provide real-time weather information.",2024-09-10 01:22:20
How do I create a budget,"To make a budget, start by tracking your income and expenses. Then, allocate your income towards essential expenses like rent, food, and bills. Next, allocate some of your income towards savings and debt repayment. Finally, allocate the remainder of your income towards discretionary expenses like entertainment and hobbies.",2024-09-10 01:22:30
Today is a nice weather,"I'm sorry, I cannot provide real-time weather information.",2024-10-03 08:29:52
How's the weather today,"I'm sorry, I cannot provide real-time weather information.",2024-10-03 08:30:47
Hi,Hello,2024-10-03 08:30:56
hii,"Gardening tips include choosing the right plants for your climate, watering properly, and using organic fertilizers.",2024-12-30 15:52:51
hi,Hello,2024-12-30 15:53:23
What is a credit score?,"A credit score is a number that represents your creditworthiness. It is based on your credit history and is used by lenders to determine whether or not to lend you money. The higher your credit score, the more likely you are to be approved for credit.",2024-12-30 18:53:21
How old are you?,I am a chatbot,2024-12-30 18:57:42
"How old are you, What's your age?",I was just born in the digital world.,2024-12-30 18:58:35
What's your age?,"Reading books can broaden your knowledge, enhance creativity, and provide a great way to relax.",2024-12-30 18:58:50
I appreciate it,Glad I could help,2024-12-30 18:59:30
What's the weather like?,"I'm sorry, I cannot provide real-time weather information.",2024-12-30 19:00:23
